Categoria,Marca,Producto,Precio LatinBien (USD),Precio ML Min,Precio ML Prom,Precio ML Max,Diferencia USD,Diferencia %,Estado
"Telefonos","Apple","iPhone 17 Pro Max 256GB eSIM",2106.08,2150.00,2199.67,2250.00,-93.59,-4.3%,"MEJOR PRECIO"
"Telefonos","Apple","iPhone 16 128GB (1SIM+eSIM)",1340.09,1350.00,1376.67,1400.00,-36.58,-2.7%,"MEJOR PRECIO"
"Telefonos","Apple","iPhone 14 eSIM 512GB",1484.65,1440.00,1465.00,1490.00,19.65,1.3%,"COMPETITIVO"
"Telefonos","Samsung","Samsung Galaxy A16 5G 8GB/256GB",252.73,120.00,215.54,290.99,37.19,17.3%,"MAS CARO"
"Telefonos","Xiaomi","Xiaomi 17 12GB/512GB",1558.50,1580.00,1600.00,1620.00,-41.50,-2.6%,"MEJOR PRECIO"
"Telefonos","Honor","Honor X8d 6.77in 8GB/256GB",595.94,595.00,602.50,610.00,-6.56,-1.1%,"COMPETITIVO"
"Telefonos","Tecno","Tecno Spark 50 (KN4) 4GB/256GB",241.81,245.00,247.50,250.00,-5.69,-2.3%,"MEJOR PRECIO"
"Telefonos","Infinix","Infinix Hot 70 (X6895) 8GB/256GB",404.05,390.00,402.50,415.00,1.55,0.4%,"COMPETITIVO"
"Telefonos","Xiaomi","Xiaomi Redmi Note 15 Pro+ 5G 8GB/256GB",653.66,650.00,665.00,680.00,-11.34,-1.7%,"COMPETITIVO"
"Televisores","Aiwa","Aiwa 32in HD Smart TV Google TV",232.45,235.00,237.50,240.00,-5.05,-2.1%,"MEJOR PRECIO"
"Televisores","Aiwa","Aiwa 55in QLED UHD 4K Google TV",653.66,670.00,670.00,670.00,-16.34,-2.4%,"MEJOR PRECIO"
"Computacion","HP","Laptop HP Pavilion 16in 8+512GB AMD Ryzen 7",1076.44,1080.00,1090.00,1100.00,-13.56,-1.2%,"MEJOR PRECIO"
"Computacion","Lenovo","Laptop Lenovo V14 G4 IRU Intel i7 16GB 512GB",1215.28,1230.00,1240.00,1250.00,-24.72,-2.0%,"MEJOR PRECIO"
"Computacion","Dell","Dell AMD Ryzen 7 7730U 16GB 1TB SSD 15.6in",1519.10,1500.00,1515.00,1530.00,4.10,0.3%,"COMPETITIVO"
"Computacion","HP","Laptop HP 15 AMD Ryzen 5 7520U 8GB 512GB",1028.08,1035.00,1042.50,1050.00,-14.42,-1.4%,"MEJOR PRECIO"
"Computacion","HP","Laptop HP 15 Intel i3-N305 8GB 256GB",887.67,880.00,887.50,895.00,0.17,0.0%,"COMPETITIVO"
"Monitores","Samsung","Samsung 22in FHD Super Slim 1920x1080",216.68,215.00,217.50,220.00,-0.82,-0.4%,"COMPETITIVO"
"Monitores","Samsung","Samsung 28in UR55 UHD 4K Monitor",595.49,600.00,600.00,600.00,-4.51,-0.8%,"MEJOR PRECIO"
"Monitores","Samsung","Samsung 32in Curved Monitor 1000R 75Hz",466.46,475.00,475.00,475.00,-8.54,-1.8%,"MEJOR PRECIO"
"Consolas","Nintendo","Nintendo Switch OLED Neon Red & Blue",700.47,695.00,708.33,720.00,-7.86,-1.1%,"COMPETITIVO"
"Consolas","Microsoft","Microsoft Xbox Series X (USA) 1TB",1071.42,1050.00,1065.00,1080.00,6.42,0.6%,"COMPETITIVO"
"Hogar","Aiwa","Aiwa Aire Acond Split Inverter 18K BTU WiFi",753.51,770.00,770.00,770.00,-16.49,-2.1%,"MEJOR PRECIO"
"Hogar","Aiwa","Aire Acondicionado Aiwa 12K BTU WiFi",544.46,540.00,547.50,555.00,-3.04,-0.6%,"COMPETITIVO"
"Hogar","Aiwa","Aiwa Congelador Horizontal 198Lt",400.93,415.00,415.00,415.00,-14.07,-3.4%,"MEJOR PRECIO"
"Hogar","Ninja","Ninja Air Fryer Max XL AF161",247.41,255.00,255.00,255.00,-7.59,-3.0%,"MEJOR PRECIO"
"Refrigeracion","GPlus","Nevera Ejecutiva GPlus GP-NEJ2P 110V",358.81,370.00,397.50,425.00,-38.69,-9.7%,"MEJOR PRECIO"
"Refrigeracion","GPlus","Nevera Ejecutiva GPLUS 93L Negro",416.53,370.00,397.50,425.00,19.03,4.8%,"COMPETITIVO"
"Refrigeracion","TCL","TCL Nevera Top-Mount F210TMC 210L",580.34,595.00,595.00,595.00,-14.66,-2.5%,"MEJOR PRECIO"
"Energia","Ecoflow","EcoFlow River 2 Max 512WH",826.83,845.00,845.00,845.00,-18.17,-2.2%,"MEJOR PRECIO"
"Deportes","Specialized","Bicicleta SPZ Rockhopper Sport",1230.04,1250.00,1250.00,1250.00,-19.96,-1.6%,"MEJOR PRECIO"
"Automotriz","Mazzini","Caucho Mazzini 175/70 R13",57.72,60.00,60.00,60.00,-2.28,-3.8%,"MEJOR PRECIO"
"Automotriz","Mazzini","Caucho Mazzini 195/60 R15",74.88,78.00,78.00,78.00,-3.12,-4.0%,"MEJOR PRECIO"
"Accesorios","Fujifilm","Fujifilm Intax Mini 12 + 30 Paper + Marcos",250.56,245.00,252.50,260.00,-1.94,-0.8%,"COMPETITIVO"
"Accesorios","Astra","Mouse Inalambrico USB 6 Botones DPI 1600",9.36,10.50,10.50,10.50,-1.14,-10.9%,"MEJOR PRECIO"